推荐电影：「百万美元宝贝」,推荐原因：第77届奥斯卡金像奖,豆瓣评分：8.7,电影类型：运动,上映年份：2004
推荐电影：「莫扎特传」,推荐原因：第57届奥斯卡金像奖,豆瓣评分：8.7,电影类型：音乐,上映年份：1984
推荐电影：「炎热的夜晚」,推荐原因：第40届奥斯卡金像奖,豆瓣评分：7.7,电影类型：悬疑,上映年份：1967
推荐电影：「骗中骗」,推荐原因：第46届奥斯卡金像奖,豆瓣评分：8.7,电影类型：喜剧,上映年份：1973
推荐电影：「桃色公寓」,推荐原因：第33届奥斯卡金像奖,豆瓣评分：8.7,电影类型：喜剧,上映年份：1960
推荐电影：「安妮·霍尔」,推荐原因：第50届奥斯卡金像奖,豆瓣评分：8.6,电影类型：喜剧,上映年份：1977
推荐电影：「艺术家」,推荐原因：第84届奥斯卡金像奖,豆瓣评分：8.4,电影类型：喜剧,上映年份：2011
推荐电影：「为黛西小姐开车」,推荐原因：第62届奥斯卡金像奖,豆瓣评分：8.2,电影类型：喜剧,上映年份：1989
推荐电影：「母女情深」,推荐原因：第56届奥斯卡金像奖,豆瓣评分：8.0,电影类型：喜剧,上映年份：1983
推荐电影：「鸟人」,推荐原因：第87届奥斯卡金像奖,豆瓣评分：7.9,电影类型：喜剧,上映年份：2014
推荐电影：「与我同行」,推荐原因：第17届奥斯卡金像奖,豆瓣评分：7.5,电影类型：喜剧,上映年份：1944
推荐电影：「莎翁情史」,推荐原因：第71届奥斯卡金像奖,豆瓣评分：7.3,电影类型：喜剧,上映年份：1998
推荐电影：「与狼共舞」,推荐原因：第63届奥斯卡金像奖,豆瓣评分：8.9,电影类型：西部,上映年份：1990
推荐电影：「不可饶恕」,推荐原因：第65届奥斯卡金像奖,豆瓣评分：8.5,电影类型：西部,上映年份：1992
推荐电影：「月光男孩」,推荐原因：第89届奥斯卡金像奖,豆瓣评分：7.4,电影类型：同性,上映年份：2016
推荐电影：「桂河大桥」,推荐原因：第30届奥斯卡金像奖,豆瓣评分：8.4,电影类型：历史,上映年份：1957
推荐电影：「烈火战车」,推荐原因：第54届奥斯卡金像奖,豆瓣评分：7.8,电影类型：历史,上映年份：1981
推荐电影：「彗星美人」,推荐原因：第23届奥斯卡金像奖,豆瓣评分：8.6,电影类型：剧情,上映年份：1950
推荐电影：「猎鹿人」,推荐原因：第51届奥斯卡金像奖,豆瓣评分：8.4,电影类型：剧情,上映年份：1978
推荐电影：「午夜牛郎」,推荐原因：第42届奥斯卡金像奖,豆瓣评分：8.3,电影类型：剧情,上映年份：1969
推荐电影：「王子复仇记」,推荐原因：第21届奥斯卡金像奖,豆瓣评分：8.3,电影类型：剧情,上映年份：1948
推荐电影：「普通人」,推荐原因：第53届奥斯卡金像奖,豆瓣评分：7.9,电影类型：剧情,上映年份：1980
推荐电影：「当代奸雄」,推荐原因：第22届奥斯卡金像奖,豆瓣评分：7.3,电影类型：剧情,上映年份：1949
推荐电影：「逃离德黑兰」,推荐原因：第85届奥斯卡金像奖,豆瓣评分：8.3,电影类型：惊悚,上映年份：2012
推荐电影：「老无所依」,推荐原因：第80届奥斯卡金像奖,豆瓣评分：8.2,电影类型：惊悚,上映年份：2007
推荐电影：「法国贩毒网」,推荐原因：第44届奥斯卡金像奖,豆瓣评分：7.7,电影类型：惊悚,上映年份：1971
推荐电影：「无间道风云」,推荐原因：第79届奥斯卡金像奖,豆瓣评分：7.3,电影类型：惊悚,上映年份：2006
推荐电影：「克莱默夫妇」,推荐原因：第52届奥斯卡金像奖,豆瓣评分：8.5,电影类型：家庭,上映年份：1979
推荐电影：「青山翠谷」,推荐原因：第14届奥斯卡金像奖,豆瓣评分：8.2,电影类型：家庭,上映年份：1941
推荐电影：「失去的周末」,推荐原因：第18届奥斯卡金像奖,豆瓣评分：7.8,电影类型：黑色电影,上映年份：1945
推荐电影：「芝加哥」,推荐原因：第75届奥斯卡金像奖,豆瓣评分：8.8,电影类型：歌舞,上映年份：2002
推荐电影：「雾都孤儿」,推荐原因：第41届奥斯卡金像奖,豆瓣评分：8.2,电影类型：歌舞,上映年份：1968
推荐电影：「宾虚」,推荐原因：第32届奥斯卡金像奖,豆瓣评分：8.6,电影类型：动作,上映年份：1959
推荐电影：「角斗士」,推荐原因：第73届奥斯卡金像奖,豆瓣评分：8.5,电影类型：动作,上映年份：2000
推荐电影：「野战排」,推荐原因：第59届奥斯卡金像奖,豆瓣评分：8.2,电影类型：动作,上映年份：1986
推荐电影：「阿拉伯的劳伦斯」,推荐原因：第35届奥斯卡金像奖,豆瓣评分：8.7,电影类型：传记,上映年份：1962
推荐电影：「甘地传」,推荐原因：第55届奥斯卡金像奖,豆瓣评分：8.6,电影类型：传记,上映年份：1982
推荐电影：「国王的演讲」,推荐原因：第83届奥斯卡金像奖,豆瓣评分：8.4,电影类型：传记,上映年份：2010
推荐电影：「巴顿将军」,推荐原因：第43届奥斯卡金像奖,豆瓣评分：8.2,电影类型：传记,上映年份：1970
推荐电影：「为奴十二年」,推荐原因：第86届奥斯卡金像奖,豆瓣评分：8.1,电影类型：传记,上映年份：2013
推荐电影：「日月精忠」,推荐原因：第39届奥斯卡金像奖,豆瓣评分：7.7,电影类型：传记,上映年份：1966
推荐电影：「洛奇」,推荐原因：第49届奥斯卡金像奖,豆瓣评分：8.7,电影类型：爱情,上映年份：1976
推荐电影：「走出非洲」,推荐原因：第58届奥斯卡金像奖,豆瓣评分：8.6,电影类型：爱情,上映年份：1985
推荐电影：「卡萨布兰卡」,推荐原因：第16届奥斯卡金像奖,豆瓣评分：8.6,电影类型：爱情,上映年份：1942
推荐电影：「美国丽人」,推荐原因：第72届奥斯卡金像奖,豆瓣评分：8.5,电影类型：爱情,上映年份：1999
推荐电影：「蝴蝶梦」,推荐原因：第13届奥斯卡金像奖,豆瓣评分：8.3,电影类型：爱情,上映年份：1940
推荐电影：「窈窕淑女」,推荐原因：第37届奥斯卡金像奖,豆瓣评分：8.1,电影类型：爱情,上映年份：1964
推荐电影：「码头风云」,推荐原因：第27届奥斯卡金像奖,豆瓣评分：7.9,电影类型：爱情,上映年份：1954
推荐电影：「西区故事」,推荐原因：第34届奥斯卡金像奖,豆瓣评分：7.6,电影类型：爱情,上映年份：1961
推荐电影：「乱世忠魂」,推荐原因：第26届奥斯卡金像奖,豆瓣评分：7.5,电影类型：爱情,上映年份：1953
推荐电影：「忠勇之家」,推荐原因：第15届奥斯卡金像奖,豆瓣评分：7.5,电影类型：爱情,上映年份：1942
推荐电影：「君子好逑」,推荐原因：第28届奥斯卡金像奖,豆瓣评分：7.4,电影类型：爱情,上映年份：1955
推荐电影：「环游世界八十天」,推荐原因：第29届奥斯卡金像奖,豆瓣评分：7.3,电影类型：爱情,上映年份：1956
推荐电影：「水形物语」,推荐原因：第90届奥斯卡金像奖,豆瓣评分：7.2,电影类型：爱情,上映年份：2017
推荐电影：「戏王之王」,推荐原因：第25届奥斯卡金像奖,豆瓣评分：7.0,电影类型：爱情,上映年份：1952
推荐电影：「一个美国人在巴黎」,推荐原因：第24届奥斯卡金像奖,豆瓣评分：7.0,电影类型：爱情,上映年份：1951
推荐电影：「金粉世界」,推荐原因：第31届奥斯卡金像奖,豆瓣评分：6.8,电影类型：爱情,上映年份：1958
推荐电影：「汤姆·琼斯」,推荐原因：第36届奥斯卡金像奖,豆瓣评分：6.7,电影类型：爱情,上映年份：1963
推荐电影：「君子协定」,推荐原因：第20届奥斯卡金像奖,豆瓣评分：6.7,电影类型：爱情,上映年份：1947
推荐原因：第63届奥斯卡金像奖,2,,,
推荐原因：第63届奥斯卡金像奖,2,,,
推荐原因：第63届奥斯卡金像奖,2,,,
推荐原因：第63届奥斯卡金像奖,2,,,
推荐原因：第63届奥斯卡金像奖,2,,,
推荐原因：第63届奥斯卡金像奖,2,,,
推荐原因：第63届奥斯卡金像奖,2,,,
推荐原因：第63届奥斯卡金像奖,2,,,
推荐原因：第63届奥斯卡金像奖,2,,,
推荐原因：第63届奥斯卡金像奖,2,,,
推荐原因：第63届奥斯卡金像奖,2,,,
推荐原因：第63届奥斯卡金像奖,2,,,
推荐原因：第63届奥斯卡金像奖,2,,,
推荐原因：第63届奥斯卡金像奖,2,,,
推荐原因：第63届奥斯卡金像奖,2,,,
推荐原因：第63届奥斯卡金像奖,2,,,
推荐原因：第63届奥斯卡金像奖,2,,,
推荐原因：第63届奥斯卡金像奖,2,,,
推荐原因：第63届奥斯卡金像奖,2,,,
推荐原因：第63届奥斯卡金像奖,2,,,
推荐原因：第63届奥斯卡金像奖,2,,,
推荐原因：第63届奥斯卡金像奖,2,,,
推荐原因：第63届奥斯卡金像奖,2,,,
推荐原因：第63届奥斯卡金像奖,2,,,
推荐原因：第63届奥斯卡金像奖,2,,,
推荐原因：第63届奥斯卡金像奖,2,,,
推荐原因：第63届奥斯卡金像奖,2,,,
推荐原因：第63届奥斯卡金像奖,2,,,
推荐原因：第63届奥斯卡金像奖,2,,,
推荐原因：第63届奥斯卡金像奖,2,,,
推荐原因：第63届奥斯卡金像奖,2,,,
推荐原因：第63届奥斯卡金像奖,2,,,
推荐原因：第63届奥斯卡金像奖,2,,,
推荐原因：第63届奥斯卡金像奖,2,,,
推荐原因：第63届奥斯卡金像奖,2,,,
推荐原因：第63届奥斯卡金像奖,2,,,
推荐原因：第63届奥斯卡金像奖,2,,,
推荐原因：第63届奥斯卡金像奖,2,,,
推荐原因：第63届奥斯卡金像奖,2,,,
推荐原因：第63届奥斯卡金像奖,2,,,
推荐原因：第63届奥斯卡金像奖,2,,,
推荐原因：第63届奥斯卡金像奖,2,,,
推荐原因：第63届奥斯卡金像奖,2,,,
推荐原因：第63届奥斯卡金像奖,2,,,
推荐原因：第63届奥斯卡金像奖,2,,,
推荐原因：第63届奥斯卡金像奖,2,,,
推荐原因：第63届奥斯卡金像奖,2,,,
推荐原因：第63届奥斯卡金像奖,2,,,
推荐原因：第63届奥斯卡金像奖,2,,,
推荐原因：第63届奥斯卡金像奖,2,,,
推荐原因：第63届奥斯卡金像奖,2,,,
推荐原因：第63届奥斯卡金像奖,2,,,
推荐原因：第63届奥斯卡金像奖,2,,,
推荐原因：第63届奥斯卡金像奖,2,,,
推荐原因：第63届奥斯卡金像奖,2,,,
推荐原因：第63届奥斯卡金像奖,2,,,
推荐原因：第63届奥斯卡金像奖,2,,,
推荐原因：第63届奥斯卡金像奖,2,,,
推荐原因：第63届奥斯卡金像奖,2,,,
豆瓣评分：8.9,3,,,
豆瓣评分：8.9,3,,,
豆瓣评分：8.9,3,,,
豆瓣评分：8.9,3,,,
豆瓣评分：8.9,3,,,
豆瓣评分：8.9,3,,,
豆瓣评分：8.9,3,,,
豆瓣评分：8.9,3,,,
豆瓣评分：8.9,3,,,
豆瓣评分：8.9,3,,,
豆瓣评分：8.9,3,,,
豆瓣评分：8.9,3,,,
豆瓣评分：8.9,3,,,
豆瓣评分：8.9,3,,,
豆瓣评分：8.9,3,,,
豆瓣评分：8.9,3,,,
豆瓣评分：8.9,3,,,
豆瓣评分：8.9,3,,,
豆瓣评分：8.9,3,,,
豆瓣评分：8.9,3,,,
豆瓣评分：8.9,3,,,
豆瓣评分：8.9,3,,,
豆瓣评分：8.9,3,,,
豆瓣评分：8.9,3,,,
豆瓣评分：8.9,3,,,
豆瓣评分：8.9,3,,,
豆瓣评分：8.9,3,,,
豆瓣评分：8.9,3,,,
豆瓣评分：8.9,3,,,
豆瓣评分：8.9,3,,,
豆瓣评分：8.9,3,,,
豆瓣评分：8.9,3,,,
豆瓣评分：8.9,3,,,
豆瓣评分：8.9,3,,,
豆瓣评分：8.9,3,,,
豆瓣评分：8.9,3,,,
豆瓣评分：8.9,3,,,
豆瓣评分：8.9,3,,,
豆瓣评分：8.9,3,,,
豆瓣评分：8.9,3,,,
豆瓣评分：8.9,3,,,
豆瓣评分：8.9,3,,,
豆瓣评分：8.9,3,,,
豆瓣评分：8.9,3,,,
豆瓣评分：8.9,3,,,
豆瓣评分：8.9,3,,,
豆瓣评分：8.9,3,,,
豆瓣评分：8.9,3,,,
豆瓣评分：8.9,3,,,
豆瓣评分：8.9,3,,,
豆瓣评分：8.9,3,,,
豆瓣评分：8.9,3,,,
豆瓣评分：8.9,3,,,
豆瓣评分：8.9,3,,,
豆瓣评分：8.9,3,,,
豆瓣评分：8.9,3,,,
豆瓣评分：8.9,3,,,
豆瓣评分：8.9,3,,,
豆瓣评分：8.9,3,,,
电影类型：西部,4,,,
电影类型：西部,4,,,
电影类型：西部,4,,,
电影类型：西部,4,,,
电影类型：西部,4,,,
电影类型：西部,4,,,
电影类型：西部,4,,,
电影类型：西部,4,,,
电影类型：西部,4,,,
电影类型：西部,4,,,
电影类型：西部,4,,,
电影类型：西部,4,,,
电影类型：西部,4,,,
电影类型：西部,4,,,
电影类型：西部,4,,,
电影类型：西部,4,,,
电影类型：西部,4,,,
电影类型：西部,4,,,
电影类型：西部,4,,,
电影类型：西部,4,,,
电影类型：西部,4,,,
电影类型：西部,4,,,
电影类型：西部,4,,,
电影类型：西部,4,,,
电影类型：西部,4,,,
电影类型：西部,4,,,
电影类型：西部,4,,,
电影类型：西部,4,,,
电影类型：西部,4,,,
电影类型：西部,4,,,
电影类型：西部,4,,,
电影类型：西部,4,,,
电影类型：西部,4,,,
电影类型：西部,4,,,
电影类型：西部,4,,,
电影类型：西部,4,,,
电影类型：西部,4,,,
电影类型：西部,4,,,
电影类型：西部,4,,,
电影类型：西部,4,,,
电影类型：西部,4,,,
电影类型：西部,4,,,
电影类型：西部,4,,,
电影类型：西部,4,,,
电影类型：西部,4,,,
电影类型：西部,4,,,
电影类型：西部,4,,,
电影类型：西部,4,,,
电影类型：西部,4,,,
电影类型：西部,4,,,
电影类型：西部,4,,,
电影类型：西部,4,,,
电影类型：西部,4,,,
电影类型：西部,4,,,
电影类型：西部,4,,,
电影类型：西部,4,,,
电影类型：西部,4,,,
电影类型：西部,4,,,
电影类型：西部,4,,,
上映年份：1990,5,,,
上映年份：1990,5,,,
上映年份：1990,5,,,
上映年份：1990,5,,,
上映年份：1990,5,,,
上映年份：1990,5,,,
上映年份：1990,5,,,
上映年份：1990,5,,,
上映年份：1990,5,,,
上映年份：1990,5,,,
上映年份：1990,5,,,
上映年份：1990,5,,,
上映年份：1990,5,,,
上映年份：1990,5,,,
上映年份：1990,5,,,
上映年份：1990,5,,,
上映年份：1990,5,,,
上映年份：1990,5,,,
上映年份：1990,5,,,
上映年份：1990,5,,,
上映年份：1990,5,,,
上映年份：1990,5,,,
上映年份：1990,5,,,
上映年份：1990,5,,,
上映年份：1990,5,,,
上映年份：1990,5,,,
上映年份：1990,5,,,
上映年份：1990,5,,,
上映年份：1990,5,,,
上映年份：1990,5,,,
上映年份：1990,5,,,
上映年份：1990,5,,,
上映年份：1990,5,,,
上映年份：1990,5,,,
上映年份：1990,5,,,
上映年份：1990,5,,,
上映年份：1990,5,,,
上映年份：1990,5,,,
上映年份：1990,5,,,
上映年份：1990,5,,,
上映年份：1990,5,,,
上映年份：1990,5,,,
上映年份：1990,5,,,
上映年份：1990,5,,,
上映年份：1990,5,,,
上映年份：1990,5,,,
上映年份：1990,5,,,
上映年份：1990,5,,,
上映年份：1990,5,,,
上映年份：1990,5,,,
上映年份：1990,5,,,
上映年份：1990,5,,,
上映年份：1990,5,,,
上映年份：1990,5,,,
上映年份：1990,5,,,
上映年份：1990,5,,,
上映年份：1990,5,,,
上映年份：1990,5,,,
上映年份：1990,5,,,