推荐电影：「穿条纹睡衣的男孩」,推荐原因：豆瓣电影Top250,豆瓣评分：9.1,电影类型：战争,上映年份：2008
推荐电影：「虎口脱险」,推荐原因：豆瓣电影Top250,豆瓣评分：8.9,电影类型：战争,上映年份：1966
推荐电影：「放牛班的春天」,推荐原因：豆瓣电影Top250,豆瓣评分：9.3,电影类型：音乐,上映年份：2004
推荐电影：「海上钢琴师」,推荐原因：豆瓣电影Top250,豆瓣评分：9.3,电影类型：音乐,上映年份：1998
推荐电影：「钢琴家」,推荐原因：豆瓣电影Top250,豆瓣评分：9.2,电影类型：音乐,上映年份：2002
推荐电影：「爆裂鼓手」,推荐原因：豆瓣电影Top250,豆瓣评分：8.7,电影类型：音乐,上映年份：2014
推荐电影：「控方证人」,推荐原因：豆瓣电影Top250,豆瓣评分：9.6,电影类型：悬疑,上映年份：1957
推荐电影：「无间道」,推荐原因：豆瓣电影Top250,豆瓣评分：9.2,电影类型：悬疑,上映年份：2002
推荐电影：「窃听风暴」,推荐原因：豆瓣电影Top250,豆瓣评分：9.1,电影类型：悬疑,上映年份：2006
推荐电影：「致命魔术」,推荐原因：豆瓣电影Top250,豆瓣评分：8.9,电影类型：悬疑,上映年份：2006
推荐电影：「第六感」,推荐原因：豆瓣电影Top250,豆瓣评分：8.9,电影类型：悬疑,上映年份：1999
推荐电影：「禁闭岛」,推荐原因：豆瓣电影Top250,豆瓣评分：8.8,电影类型：悬疑,上映年份：2010
推荐电影：「谍影重重3」,推荐原因：豆瓣电影Top250,豆瓣评分：8.8,电影类型：悬疑,上映年份：2007
推荐电影：「致命ID」,推荐原因：豆瓣电影Top250,豆瓣评分：8.8,电影类型：悬疑,上映年份：2003
推荐电影：「绿里奇迹」,推荐原因：豆瓣电影Top250,豆瓣评分：8.8,电影类型：悬疑,上映年份：1999
推荐电影：「七宗罪」,推荐原因：豆瓣电影Top250,豆瓣评分：8.8,电影类型：悬疑,上映年份：1995
推荐电影：「罗生门」,推荐原因：豆瓣电影Top250,豆瓣评分：8.8,电影类型：悬疑,上映年份：1950
推荐电影：「心迷宫」,推荐原因：豆瓣电影Top250,豆瓣评分：8.7,电影类型：悬疑,上映年份：2014
推荐电影：「消失的爱人」,推荐原因：豆瓣电影Top250,豆瓣评分：8.7,电影类型：悬疑,上映年份：2014
推荐电影：「谍影重重2」,推荐原因：豆瓣电影Top250,豆瓣评分：8.7,电影类型：悬疑,上映年份：2004
推荐电影：「网络谜踪」,推荐原因：豆瓣电影Top250,豆瓣评分：8.6,电影类型：悬疑,上映年份：2018
推荐电影：「谍影重重」,推荐原因：豆瓣电影Top250,豆瓣评分：8.6,电影类型：悬疑,上映年份：2002
推荐电影：「记忆碎片」,推荐原因：豆瓣电影Top250,豆瓣评分：8.6,电影类型：悬疑,上映年份：2000
推荐电影：「彗星来的那一夜」,推荐原因：豆瓣电影Top250,豆瓣评分：8.5,电影类型：悬疑,上映年份：2013
推荐电影：「恐怖游轮」,推荐原因：豆瓣电影Top250,豆瓣评分：8.5,电影类型：悬疑,上映年份：2009
推荐电影：「源代码」,推荐原因：豆瓣电影Top250,豆瓣评分：8.4,电影类型：悬疑,上映年份：2011
推荐电影：「美丽人生」,推荐原因：豆瓣电影Top250,豆瓣评分：9.5,电影类型：喜剧,上映年份：1997
推荐电影：「触不可及」,推荐原因：豆瓣电影Top250,豆瓣评分：9.2,电影类型：喜剧,上映年份：2011
推荐电影：「三傻大闹宝莱坞」,推荐原因：豆瓣电影Top250,豆瓣评分：9.2,电影类型：喜剧,上映年份：2009
推荐电影：「两杆大烟枪」,推荐原因：豆瓣电影Top250,豆瓣评分：9.1,电影类型：喜剧,上映年份：1998
推荐电影：「飞屋环游记」,推荐原因：豆瓣电影Top250,豆瓣评分：9.0,电影类型：喜剧,上映年份：2009
推荐电影：「罗马假日」,推荐原因：豆瓣电影Top250,豆瓣评分：9.0,电影类型：喜剧,上映年份：1953
推荐电影：「绿皮书」,推荐原因：豆瓣电影Top250,豆瓣评分：8.9,电影类型：喜剧,上映年份：2018
推荐电影：「7号房的礼物」,推荐原因：豆瓣电影Top250,豆瓣评分：8.9,电影类型：喜剧,上映年份：2013
推荐电影：「玛丽和马克思」,推荐原因：豆瓣电影Top250,豆瓣评分：8.9,电影类型：喜剧,上映年份：2009
推荐电影：「喜宴」,推荐原因：豆瓣电影Top250,豆瓣评分：8.9,电影类型：喜剧,上映年份：1993
推荐电影：「阳光姐妹淘」,推荐原因：豆瓣电影Top250,豆瓣评分：8.8,电影类型：喜剧,上映年份：2011
推荐电影：「让子弹飞」,推荐原因：豆瓣电影Top250,豆瓣评分：8.8,电影类型：喜剧,上映年份：2010
推荐电影：「幸福终点站」,推荐原因：豆瓣电影Top250,豆瓣评分：8.8,电影类型：喜剧,上映年份：2004
推荐电影：「菊次郎的夏天」,推荐原因：豆瓣电影Top250,豆瓣评分：8.8,电影类型：喜剧,上映年份：1999
推荐电影：「低俗小说」,推荐原因：豆瓣电影Top250,豆瓣评分：8.8,电影类型：喜剧,上映年份：1994
推荐电影：「纵横四海」,推荐原因：豆瓣电影Top250,豆瓣评分：8.8,电影类型：喜剧,上映年份：1991
推荐电影：「大佛普拉斯」,推荐原因：豆瓣电影Top250,豆瓣评分：8.7,电影类型：喜剧,上映年份：2017
推荐电影：「喜剧之王」,推荐原因：豆瓣电影Top250,豆瓣评分：8.7,电影类型：喜剧,上映年份：1999
推荐电影：「遗愿清单」,推荐原因：豆瓣电影Top250,豆瓣评分：8.6,电影类型：喜剧,上映年份：2007
推荐电影：「完美陌生人」,推荐原因：豆瓣电影Top250,豆瓣评分：8.5,电影类型：喜剧,上映年份：2016
推荐电影：「初恋这件小事」,推荐原因：豆瓣电影Top250,豆瓣评分：8.4,电影类型：喜剧,上映年份：2010
推荐电影：「驴得水」,推荐原因：豆瓣电影Top250,豆瓣评分：8.3,电影类型：喜剧,上映年份：2016
推荐电影：「达拉斯买家俱乐部」,推荐原因：豆瓣电影Top250,豆瓣评分：8.8,电影类型：同性,上映年份：2013
推荐电影：「波西米亚狂想曲」,推荐原因：豆瓣电影Top250,豆瓣评分：8.7,电影类型：同性,上映年份：2018
推荐电影：「西西里的美丽传说」,推荐原因：豆瓣电影Top250,豆瓣评分：8.9,电影类型：情色,上映年份：2000
推荐电影：「大闹天宫」,推荐原因：豆瓣电影Top250,豆瓣评分：9.3,电影类型：奇幻,上映年份：1961
推荐电影：「龙猫」,推荐原因：豆瓣电影Top250,豆瓣评分：9.2,电影类型：奇幻,上映年份：1988
推荐电影：「天书奇谭」,推荐原因：豆瓣电影Top250,豆瓣评分：9.2,电影类型：奇幻,上映年份：1983
推荐电影：「哈尔的移动城堡」,推荐原因：豆瓣电影Top250,豆瓣评分：9.1,电影类型：奇幻,上映年份：2004
推荐电影：「天空之城」,推荐原因：豆瓣电影Top250,豆瓣评分：9.1,电影类型：奇幻,上映年份：1986
推荐电影：「哪吒闹海」,推荐原因：豆瓣电影Top250,豆瓣评分：9.1,电影类型：奇幻,上映年份：1979
推荐电影：「幽灵公主」,推荐原因：豆瓣电影Top250,豆瓣评分：8.9,电影类型：奇幻,上映年份：1997
推荐电影：「风之谷」,推荐原因：豆瓣电影Top250,豆瓣评分：8.9,电影类型：奇幻,上映年份：1984
推荐电影：「借东西的小人阿莉埃蒂」,推荐原因：豆瓣电影Top250,豆瓣评分：8.8,电影类型：奇幻,上映年份：2010
推荐电影：「驯龙高手」,推荐原因：豆瓣电影Top250,豆瓣评分：8.7,电影类型：奇幻,上映年份：2010
推荐电影：「射雕英雄传之东成西就」,推荐原因：豆瓣电影Top250,豆瓣评分：8.7,电影类型：奇幻,上映年份：1993
推荐电影：「倩女幽魂」,推荐原因：豆瓣电影Top250,豆瓣评分：8.7,电影类型：奇幻,上映年份：1987
推荐电影：「魔女宅急便」,推荐原因：豆瓣电影Top250,豆瓣评分：8.6,电影类型：奇幻,上映年份：1989
推荐电影：「哈利·波特与魔法石」,推荐原因：豆瓣电影Top250,豆瓣评分：9.0,电影类型：冒险,上映年份：2001
推荐电影：「哈利·波特与死亡圣器(下)」,推荐原因：豆瓣电影Top250,豆瓣评分：8.8,电影类型：冒险,上映年份：2011
推荐电影：「哈利·波特与阿兹卡班的囚徒」,推荐原因：豆瓣电影Top250,豆瓣评分：8.7,电影类型：冒险,上映年份：2004
推荐电影：「哈利·波特与密室」,推荐原因：豆瓣电影Top250,豆瓣评分：8.6,电影类型：冒险,上映年份：2002
推荐电影：「哈利·波特与火焰杯」,推荐原因：豆瓣电影Top250,豆瓣评分：8.5,电影类型：冒险,上映年份：2005
推荐电影：「辛德勒的名单」,推荐原因：豆瓣电影Top250,豆瓣评分：9.5,电影类型：历史,上映年份：1993
推荐电影：「鬼子来了」,推荐原因：豆瓣电影Top250,豆瓣评分：9.2,电影类型：历史,上映年份：2000
推荐电影：「拯救大兵瑞恩」,推荐原因：豆瓣电影Top250,豆瓣评分：9.0,电影类型：历史,上映年份：1998
推荐电影：「卢旺达饭店」,推荐原因：豆瓣电影Top250,豆瓣评分：8.9,电影类型：历史,上映年份：2004
推荐电影：「黑鹰坠落」,推荐原因：豆瓣电影Top250,豆瓣评分：8.7,电影类型：历史,上映年份：2001
推荐电影：「星际穿越」,推荐原因：豆瓣电影Top250,豆瓣评分：9.3,电影类型：科幻,上映年份：2014
推荐电影：「楚门的世界」,推荐原因：豆瓣电影Top250,豆瓣评分：9.3,电影类型：科幻,上映年份：1998
推荐电影：「黑客帝国」,推荐原因：豆瓣电影Top250,豆瓣评分：9.0,电影类型：科幻,上映年份：1999
推荐电影：「蝴蝶效应」,推荐原因：豆瓣电影Top250,豆瓣评分：8.8,电影类型：科幻,上映年份：2004
推荐电影：「千钧一发」,推荐原因：豆瓣电影Top250,豆瓣评分：8.8,电影类型：科幻,上映年份：1997
推荐电影：「头号玩家」,推荐原因：豆瓣电影Top250,豆瓣评分：8.7,电影类型：科幻,上映年份：2018
推荐电影：「黑客帝国3：矩阵革命」,推荐原因：豆瓣电影Top250,豆瓣评分：8.7,电影类型：科幻,上映年份：2003
推荐电影：「终结者2：审判日」,推荐原因：豆瓣电影Top250,豆瓣评分：8.7,电影类型：科幻,上映年份：1991
推荐电影：「疯狂的麦克斯4：狂暴之路」,推荐原因：豆瓣电影Top250,豆瓣评分：8.6,电影类型：科幻,上映年份：2015
推荐电影：「黑客帝国2：重装上阵」,推荐原因：豆瓣电影Top250,豆瓣评分：8.6,电影类型：科幻,上映年份：2003
推荐电影：「人工智能」,推荐原因：豆瓣电影Top250,豆瓣评分：8.6,电影类型：科幻,上映年份：2001
推荐电影：「E.T. 外星人」,推荐原因：豆瓣电影Top250,豆瓣评分：8.6,电影类型：科幻,上映年份：1982
推荐电影：「变脸」,推荐原因：豆瓣电影Top250,豆瓣评分：8.5,电影类型：科幻,上映年份：1997
推荐电影：「发条橙」,推荐原因：豆瓣电影Top250,豆瓣评分：8.5,电影类型：科幻,上映年份：1971
推荐电影：「十二怒汉」,推荐原因：豆瓣电影Top250,豆瓣评分：9.4,电影类型：剧情,上映年份：1957
推荐电影：「忠犬八公物语」,推荐原因：豆瓣电影Top250,豆瓣评分：9.2,电影类型：剧情,上映年份：1987
推荐电影：「何以为家」,推荐原因：豆瓣电影Top250,豆瓣评分：9.1,电影类型：剧情,上映年份：2018
推荐电影：「狩猎」,推荐原因：豆瓣电影Top250,豆瓣评分：9.1,电影类型：剧情,上映年份：2012
推荐电影：「无人知晓」,推荐原因：豆瓣电影Top250,豆瓣评分：9.1,电影类型：剧情,上映年份：2004
推荐电影：「闻香识女人」,推荐原因：豆瓣电影Top250,豆瓣评分：9.1,电影类型：剧情,上映年份：1992
推荐电影：「死亡诗社」,推荐原因：豆瓣电影Top250,豆瓣评分：9.1,电影类型：剧情,上映年份：1989
推荐电影：「飞越疯人院」,推荐原因：豆瓣电影Top250,豆瓣评分：9.1,电影类型：剧情,上映年份：1975
推荐电影：「小森林 冬春篇」,推荐原因：豆瓣电影Top250,豆瓣评分：9.0,电影类型：剧情,上映年份：2015
推荐电影：「小森林 夏秋篇」,推荐原因：豆瓣电影Top250,豆瓣评分：9.0,电影类型：剧情,上映年份：2014
推荐电影：「超脱」,推荐原因：豆瓣电影Top250,豆瓣评分：8.9,电影类型：剧情,上映年份：2011
推荐电影：「心灵捕手」,推荐原因：豆瓣电影Top250,豆瓣评分：8.9,电影类型：剧情,上映年份：1997
推荐电影：「一个叫欧维的男人决定去死」,推荐原因：豆瓣电影Top250,豆瓣评分：8.8,电影类型：剧情,上映年份：2015
推荐电影：「梦之安魂曲」,推荐原因：豆瓣电影Top250,豆瓣评分：8.7,电影类型：剧情,上映年份：2000
推荐电影：「雨人」,推荐原因：豆瓣电影Top250,豆瓣评分：8.7,电影类型：剧情,上映年份：1988
推荐电影：「惊魂记」,推荐原因：豆瓣电影Top250,豆瓣评分：9.0,电影类型：惊悚,上映年份：1960
推荐电影：「追随」,推荐原因：豆瓣电影Top250,豆瓣评分：8.9,电影类型：惊悚,上映年份：1998
推荐电影：「未麻的部屋」,推荐原因：豆瓣电影Top250,豆瓣评分：8.9,电影类型：惊悚,上映年份：1997
推荐电影：「末路狂花」,推荐原因：豆瓣电影Top250,豆瓣评分：8.8,电影类型：惊悚,上映年份：1991
推荐电影：「沉默的羔羊」,推荐原因：豆瓣电影Top250,豆瓣评分：8.8,电影类型：惊悚,上映年份：1991
推荐电影：「2001太空漫游」,推荐原因：豆瓣电影Top250,豆瓣评分：8.8,电影类型：惊悚,上映年份：1968
推荐电影：「告白」,推荐原因：豆瓣电影Top250,豆瓣评分：8.7,电影类型：惊悚,上映年份：2010
推荐电影：「浪潮」,推荐原因：豆瓣电影Top250,豆瓣评分：8.7,电影类型：惊悚,上映年份：2008
推荐电影：「血钻」,推荐原因：豆瓣电影Top250,豆瓣评分：8.7,电影类型：惊悚,上映年份：2006
推荐电影：「电锯惊魂」,推荐原因：豆瓣电影Top250,豆瓣评分：8.7,电影类型：惊悚,上映年份：2004
推荐电影：「黑天鹅」,推荐原因：豆瓣电影Top250,豆瓣评分：8.6,电影类型：惊悚,上映年份：2010
推荐电影：「海蒂和爷爷」,推荐原因：豆瓣电影Top250,豆瓣评分：9.2,电影类型：家庭,上映年份：2015
推荐电影：「小鞋子」,推荐原因：豆瓣电影Top250,豆瓣评分：9.2,电影类型：家庭,上映年份：1997
推荐电影：「活着」,推荐原因：豆瓣电影Top250,豆瓣评分：9.2,电影类型：家庭,上映年份：1994
推荐电影：「东京物语」,推荐原因：豆瓣电影Top250,豆瓣评分：9.2,电影类型：家庭,上映年份：1953
推荐电影：「当幸福来敲门」,推荐原因：豆瓣电影Top250,豆瓣评分：9.1,电影类型：家庭,上映年份：2006
推荐电影：「地球上的星星」,推荐原因：豆瓣电影Top250,豆瓣评分：8.9,电影类型：家庭,上映年份：2007
推荐电影：「我是山姆」,推荐原因：豆瓣电影Top250,豆瓣评分：8.9,电影类型：家庭,上映年份：2001
推荐电影：「海街日记」,推荐原因：豆瓣电影Top250,豆瓣评分：8.8,电影类型：家庭,上映年份：2015
推荐电影：「步履不停」,推荐原因：豆瓣电影Top250,豆瓣评分：8.8,电影类型：家庭,上映年份：2008
推荐电影：「大鱼」,推荐原因：豆瓣电影Top250,豆瓣评分：8.8,电影类型：家庭,上映年份：2003
推荐电影：「小偷家族」,推荐原因：豆瓣电影Top250,豆瓣评分：8.7,电影类型：家庭,上映年份：2018
推荐电影：「一次别离」,推荐原因：豆瓣电影Top250,豆瓣评分：8.7,电影类型：家庭,上映年份：2011
推荐电影：「岁月神偷」,推荐原因：豆瓣电影Top250,豆瓣评分：8.7,电影类型：家庭,上映年份：2010
推荐电影：「奇迹男孩」,推荐原因：豆瓣电影Top250,豆瓣评分：8.6,电影类型：家庭,上映年份：2017
推荐电影：「海边的曼彻斯特」,推荐原因：豆瓣电影Top250,豆瓣评分：8.6,电影类型：家庭,上映年份：2016
推荐电影：「入殓师」,推荐原因：豆瓣电影Top250,豆瓣评分：8.8,电影类型：剧情,上映年份：2008
推荐电影：「九品芝麻官」,推荐原因：豆瓣电影Top250,豆瓣评分：8.5,电影类型：古装,上映年份：1994
推荐电影：「狮子王」,推荐原因：豆瓣电影Top250,豆瓣评分：9.0,电影类型：歌舞,上映年份：1994
推荐电影：「被嫌弃的松子的一生」,推荐原因：豆瓣电影Top250,豆瓣评分：8.9,电影类型：歌舞,上映年份：2006
推荐电影：「教父」,推荐原因：豆瓣电影Top250,豆瓣评分：9.3,电影类型：犯罪,上映年份：1972
推荐电影：「美国往事」,推荐原因：豆瓣电影Top250,豆瓣评分：9.2,电影类型：犯罪,上映年份：1984
推荐电影：「教父2」,推荐原因：豆瓣电影Top250,豆瓣评分：9.2,电影类型：犯罪,上映年份：1974
推荐电影：「完美的世界」,推荐原因：豆瓣电影Top250,豆瓣评分：9.1,电影类型：犯罪,上映年份：1993
推荐电影：「上帝之城」,推荐原因：豆瓣电影Top250,豆瓣评分：8.9,电影类型：犯罪,上映年份：2002
推荐电影：「教父3」,推荐原因：豆瓣电影Top250,豆瓣评分：8.9,电影类型：犯罪,上映年份：1990
推荐电影：「可可西里」,推荐原因：豆瓣电影Top250,豆瓣评分：8.8,电影类型：犯罪,上映年份：2004
推荐电影：「牯岭街少年杀人事件」,推荐原因：豆瓣电影Top250,豆瓣评分：8.8,电影类型：犯罪,上映年份：1991
推荐电影：「无耻混蛋」,推荐原因：豆瓣电影Top250,豆瓣评分：8.6,电影类型：犯罪,上映年份：2009
推荐电影：「战争之王」,推荐原因：豆瓣电影Top250,豆瓣评分：8.6,电影类型：犯罪,上映年份：2005
推荐电影：「撞车」,推荐原因：豆瓣电影Top250,豆瓣评分：8.6,电影类型：犯罪,上映年份：2004
推荐电影：「疯狂的石头」,推荐原因：豆瓣电影Top250,豆瓣评分：8.5,电影类型：犯罪,上映年份：2006
推荐电影：「猜火车」,推荐原因：豆瓣电影Top250,豆瓣评分：8.5,电影类型：犯罪,上映年份：1996
推荐电影：「这个杀手不太冷」,推荐原因：豆瓣电影Top250,豆瓣评分：9.4,电影类型：动作,上映年份：1994
推荐电影：「蝙蝠侠：黑暗骑士」,推荐原因：豆瓣电影Top250,豆瓣评分：9.2,电影类型：动作,上映年份：2008
推荐电影：「指环王3：王者无敌」,推荐原因：豆瓣电影Top250,豆瓣评分：9.2,电影类型：动作,上映年份：2003
推荐电影：「七武士」,推荐原因：豆瓣电影Top250,豆瓣评分：9.2,电影类型：动作,上映年份：1954
推荐电影：「指环王2：双塔奇兵」,推荐原因：豆瓣电影Top250,豆瓣评分：9.1,电影类型：动作,上映年份：2002
推荐电影：「指环王1：魔戒再现」,推荐原因：豆瓣电影Top250,豆瓣评分：9.0,电影类型：动作,上映年份：2001
推荐电影：「搏击俱乐部」,推荐原因：豆瓣电影Top250,豆瓣评分：9.0,电影类型：动作,上映年份：1999
推荐电影：「V字仇杀队」,推荐原因：豆瓣电影Top250,豆瓣评分：8.9,电影类型：动作,上映年份：2005
推荐电影：「勇敢的心」,推荐原因：豆瓣电影Top250,豆瓣评分：8.9,电影类型：动作,上映年份：1995
推荐电影：「蝙蝠侠：黑暗骑士崛起」,推荐原因：豆瓣电影Top250,豆瓣评分：8.8,电影类型：动作,上映年份：2012
推荐电影：「杀人回忆」,推荐原因：豆瓣电影Top250,豆瓣评分：8.8,电影类型：动作,上映年份：2003
推荐电影：「超能陆战队」,推荐原因：豆瓣电影Top250,豆瓣评分：8.7,电影类型：动作,上映年份：2014
推荐电影：「被解救的姜戈」,推荐原因：豆瓣电影Top250,豆瓣评分：8.7,电影类型：动作,上映年份：2012
推荐电影：「英雄本色」,推荐原因：豆瓣电影Top250,豆瓣评分：8.7,电影类型：动作,上映年份：1986
推荐电影：「功夫」,推荐原因：豆瓣电影Top250,豆瓣评分：8.6,电影类型：动作,上映年份：2004
推荐电影：「东邪西毒」,推荐原因：豆瓣电影Top250,豆瓣评分：8.6,电影类型：动作,上映年份：1994
推荐电影：「千与千寻」,推荐原因：豆瓣电影Top250,豆瓣评分：9.4,电影类型：动画,上映年份：2001
推荐电影：「机器人总动员」,推荐原因：豆瓣电影Top250,豆瓣评分：9.3,电影类型：动画,上映年份：2008
推荐电影：「寻梦环游记」,推荐原因：豆瓣电影Top250,豆瓣评分：9.1,电影类型：动画,上映年份：2017
推荐电影：「红辣椒」,推荐原因：豆瓣电影Top250,豆瓣评分：9.0,电影类型：动画,上映年份：2006
推荐电影：「你看起来好像很好吃」,推荐原因：豆瓣电影Top250,豆瓣评分：8.9,电影类型：动画,上映年份：2010
推荐电影：「玩具总动员3」,推荐原因：豆瓣电影Top250,豆瓣评分：8.8,电影类型：动画,上映年份：2010
推荐电影：「头脑特工队」,推荐原因：豆瓣电影Top250,豆瓣评分：8.7,电影类型：动画,上映年份：2015
推荐电影：「疯狂原始人」,推荐原因：豆瓣电影Top250,豆瓣评分：8.7,电影类型：动画,上映年份：2013
推荐电影：「无敌破坏王」,推荐原因：豆瓣电影Top250,豆瓣评分：8.7,电影类型：动画,上映年份：2012
推荐电影：「怪兽电力公司」,推荐原因：豆瓣电影Top250,豆瓣评分：8.7,电影类型：动画,上映年份：2001
推荐电影：「萤火虫之墓」,推荐原因：豆瓣电影Top250,豆瓣评分：8.7,电影类型：动画,上映年份：1988
推荐电影：「冰川时代」,推荐原因：豆瓣电影Top250,豆瓣评分：8.6,电影类型：动画,上映年份：2002
推荐电影：「末代皇帝」,推荐原因：豆瓣电影Top250,豆瓣评分：9.2,电影类型：传记,上映年份：1987
推荐电影：「猫鼠游戏」,推荐原因：豆瓣电影Top250,豆瓣评分：9.0,电影类型：传记,上映年份：2002
推荐电影：「美丽心灵」,推荐原因：豆瓣电影Top250,豆瓣评分：9.0,电影类型：传记,上映年份：2001
推荐电影：「聚焦」,推荐原因：豆瓣电影Top250,豆瓣评分：8.8,电影类型：传记,上映年份：2015
推荐电影：「血战钢锯岭」,推荐原因：豆瓣电影Top250,豆瓣评分：8.7,电影类型：传记,上映年份：2016
推荐电影：「霸王别姬」,推荐原因：豆瓣电影Top250,豆瓣评分：9.6,电影类型：爱情,上映年份：1993
推荐电影：「乱世佳人」,推荐原因：豆瓣电影Top250,豆瓣评分：9.3,电影类型：爱情,上映年份：1939
推荐电影：「大话西游之大圣娶亲」,推荐原因：豆瓣电影Top250,豆瓣评分：9.2,电影类型：爱情,上映年份：1995
推荐电影：「天堂电影院」,推荐原因：豆瓣电影Top250,豆瓣评分：9.2,电影类型：爱情,上映年份：1988
推荐电影：「我爱你」,推荐原因：豆瓣电影Top250,豆瓣评分：9.0,电影类型：爱情,上映年份：2011
推荐电影：「大话西游之月光宝盒」,推荐原因：豆瓣电影Top250,豆瓣评分：9.0,电影类型：爱情,上映年份：1995
推荐电影：「雨中曲」,推荐原因：豆瓣电影Top250,豆瓣评分：9.0,电影类型：爱情,上映年份：1952
推荐电影：「请以你的名字呼唤我」,推荐原因：豆瓣电影Top250,豆瓣评分：8.9,电影类型：爱情,上映年份：2017
推荐电影：「本杰明·巴顿奇事」,推荐原因：豆瓣电影Top250,豆瓣评分：8.9,电影类型：爱情,上映年份：2008
推荐电影：「春光乍泄」,推荐原因：豆瓣电影Top250,豆瓣评分：8.9,电影类型：爱情,上映年份：1997
推荐电影：「情书」,推荐原因：豆瓣电影Top250,豆瓣评分：8.9,电影类型：爱情,上映年份：1995
推荐电影：「侧耳倾听」,推荐原因：豆瓣电影Top250,豆瓣评分：8.9,电影类型：爱情,上映年份：1995
推荐电影：「断背山」,推荐原因：豆瓣电影Top250,豆瓣评分：8.8,电影类型：爱情,上映年份：2005
推荐电影：「甜蜜蜜」,推荐原因：豆瓣电影Top250,豆瓣评分：8.8,电影类型：爱情,上映年份：1996
推荐电影：「阳光灿烂的日子」,推荐原因：豆瓣电影Top250,豆瓣评分：8.8,电影类型：爱情,上映年份：1994
推荐电影：「燃情岁月」,推荐原因：豆瓣电影Top250,豆瓣评分：8.8,电影类型：爱情,上映年份：1994
推荐电影：「魂断蓝桥」,推荐原因：豆瓣电影Top250,豆瓣评分：8.8,电影类型：爱情,上映年份：1940
推荐电影：「天使爱美丽」,推荐原因：豆瓣电影Top250,豆瓣评分：8.7,电影类型：爱情,上映年份：2001
推荐电影：「重庆森林」,推荐原因：豆瓣电影Top250,豆瓣评分：8.7,电影类型：爱情,上映年份：1994
推荐电影：「剪刀手爱德华」,推荐原因：豆瓣电影Top250,豆瓣评分：8.7,电影类型：爱情,上映年份：1990
推荐电影：「朗读者」,推荐原因：豆瓣电影Top250,豆瓣评分：8.6,电影类型：爱情,上映年份：2008
推荐电影：「穿越时空的少女」,推荐原因：豆瓣电影Top250,豆瓣评分：8.6,电影类型：爱情,上映年份：2006
推荐电影：「花样年华」,推荐原因：豆瓣电影Top250,豆瓣评分：8.6,电影类型：爱情,上映年份：2000
推荐电影：「唐伯虎点秋香」,推荐原因：豆瓣电影Top250,豆瓣评分：8.6,电影类型：爱情,上映年份：1993
推荐电影：「新龙门客栈」,推荐原因：豆瓣电影Top250,豆瓣评分：8.6,电影类型：爱情,上映年份：1992
推荐电影：「青蛇」,推荐原因：豆瓣电影Top250,豆瓣评分：8.5,电影类型：爱情,上映年份：1993
推荐电影：「阿飞正传」,推荐原因：豆瓣电影Top250,豆瓣评分：8.5,电影类型：爱情,上映年份：1990
推荐电影：「色，戒」,推荐原因：豆瓣电影Top250,豆瓣评分：8.4,电影类型：爱情,上映年份：2007